停用词,,,
--,,,
?,,,
“,,,
”,,,
》,,,
－－,,,
able,,,
about,,,
above,,,
according,,,
accordingly,,,
across,,,
actually,,,
after,,,
afterwards,,,
again,,,
against,,,
ain't,,,
all,,,
allow,,,
allows,,,
almost,,,
alone,,,
along,,,
already,,,
also,,,
although,,,
always,,,
am,,,
among,,,
amongst,,,
an,,,
and,,,
another,,,
any,,,
anybody,,,
anyhow,,,
anyone,,,
anything,,,
anyway,,,
anyways,,,
anywhere,,,
apart,,,
appear,,,
appreciate,,,
appropriate,,,
are,,,
aren't,,,
around,,,
as,,,
a's,,,
aside,,,
ask,,,
asking,,,
associated,,,
at,,,
available,,,
away,,,
awfully,,,
be,,,
became,,,
because,,,
become,,,
becomes,,,
becoming,,,
been,,,
before,,,
beforehand,,,
behind,,,
being,,,
believe,,,
below,,,
beside,,,
besides,,,
best,,,
better,,,
between,,,
beyond,,,
both,,,
brief,,,
but,,,
by,,,
came,,,
can,,,
cannot,,,
cant,,,
can't,,,
cause,,,
causes,,,
certain,,,
certainly,,,
changes,,,
clearly,,,
c'mon,,,
co,,,
com,,,
come,,,
comes,,,
concerning,,,
consequently,,,
consider,,,
considering,,,
contain,,,
containing,,,
contains,,,
corresponding,,,
could,,,
couldn't,,,
course,,,
c's,,,
currently,,,
definitely,,,
described,,,
despite,,,
did,,,
didn't,,,
different,,,
do,,,
does,,,
doesn't,,,
doing,,,
done,,,
don't,,,
down,,,
downwards,,,
during,,,
each,,,
edu,,,
eg,,,
eight,,,
either,,,
else,,,
elsewhere,,,
enough,,,
entirely,,,
especially,,,
et,,,
etc,,,
even,,,
ever,,,
every,,,
everybody,,,
everyone,,,
everything,,,
everywhere,,,
ex,,,
exactly,,,
example,,,
except,,,
far,,,
few,,,
fifth,,,
first,,,
five,,,
followed,,,
following,,,
follows,,,
for,,,
former,,,
formerly,,,
forth,,,
four,,,
from,,,
further,,,
furthermore,,,
get,,,
gets,,,
getting,,,
given,,,
gives,,,
go,,,
goes,,,
going,,,
gone,,,
got,,,
gotten,,,
greetings,,,
had,,,
hadn't,,,
happens,,,
hardly,,,
has,,,
hasn't,,,
have,,,
haven't,,,
having,,,
he,,,
hello,,,
help,,,
hence,,,
her,,,
here,,,
hereafter,,,
hereby,,,
herein,,,
here's,,,
hereupon,,,
hers,,,
herself,,,
he's,,,
hi,,,
him,,,
himself,,,
his,,,
hither,,,
hopefully,,,
how,,,
howbeit,,,
however,,,
i'd,,,
ie,,,
if,,,
ignored,,,
i'll,,,
i'm,,,
immediate,,,
in,,,
inasmuch,,,
inc,,,
indeed,,,
indicate,,,
indicated,,,
indicates,,,
inner,,,
insofar,,,
instead,,,
into,,,
inward,,,
is,,,
isn't,,,
it,,,
it'd,,,
it'll,,,
its,,,
it's,,,
itself,,,
i've,,,
just,,,
keep,,,
keeps,,,
kept,,,
know,,,
known,,,
knows,,,
last,,,
lately,,,
later,,,
latter,,,
latterly,,,
least,,,
less,,,
lest,,,
let,,,
let's,,,
like,,,
liked,,,
likely,,,
little,,,
look,,,
looking,,,
looks,,,
ltd,,,
mainly,,,
many,,,
may,,,
maybe,,,
me,,,
mean,,,
meanwhile,,,
merely,,,
might,,,
more,,,
moreover,,,
most,,,
mostly,,,
much,,,
must,,,
my,,,
myself,,,
name,,,
namely,,,
nd,,,
near,,,
nearly,,,
necessary,,,
need,,,
needs,,,
neither,,,
never,,,
nevertheless,,,
new,,,
next,,,
nine,,,
no,,,
nobody,,,
non,,,
none,,,
noone,,,
nor,,,
normally,,,
not,,,
nothing,,,
novel,,,
now,,,
nowhere,,,
obviously,,,
of,,,
off,,,
often,,,
oh,,,
ok,,,
okay,,,
old,,,
on,,,
once,,,
one,,,
ones,,,
only,,,
onto,,,
or,,,
other,,,
others,,,
otherwise,,,
ought,,,
our,,,
ours,,,
ourselves,,,
out,,,
outside,,,
over,,,
overall,,,
own,,,
particular,,,
particularly,,,
per,,,
perhaps,,,
placed,,,
please,,,
plus,,,
possible,,,
presumably,,,
probably,,,
provides,,,
que,,,
quite,,,
qv,,,
rather,,,
rd,,,
re,,,
really,,,
reasonably,,,
regarding,,,
regardless,,,
regards,,,
relatively,,,
respectively,,,
right,,,
said,,,
same,,,
saw,,,
say,,,
saying,,,
says,,,
second,,,
secondly,,,
see,,,
seeing,,,
seem,,,
seemed,,,
seeming,,,
seems,,,
seen,,,
self,,,
selves,,,
sensible,,,
sent,,,
serious,,,
seriously,,,
seven,,,
several,,,
shall,,,
she,,,
should,,,
shouldn't,,,
since,,,
six,,,
so,,,
some,,,
somebody,,,
somehow,,,
someone,,,
something,,,
sometime,,,
sometimes,,,
somewhat,,,
somewhere,,,
soon,,,
sorry,,,
specified,,,
specify,,,
specifying,,,
still,,,
sub,,,
such,,,
sup,,,
sure,,,
take,,,
taken,,,
tell,,,
tends,,,
th,,,
than,,,
thank,,,
thanks,,,
thanx,,,
that,,,
thats,,,
that's,,,
the,,,
their,,,
theirs,,,
them,,,
themselves,,,
then,,,
thence,,,
there,,,
thereafter,,,
thereby,,,
therefore,,,
therein,,,
theres,,,
there's,,,
thereupon,,,
these,,,
they,,,
they'd,,,
they'll,,,
they're,,,
they've,,,
think,,,
third,,,
this,,,
thorough,,,
thoroughly,,,
those,,,
though,,,
three,,,
through,,,
throughout,,,
thru,,,
thus,,,
to,,,
together,,,
too,,,
took,,,
toward,,,
towards,,,
tried,,,
tries,,,
truly,,,
try,,,
trying,,,
t's,,,
twice,,,
two,,,
un,,,
under,,,
unfortunately,,,
unless,,,
unlikely,,,
until,,,
unto,,,
up,,,
upon,,,
us,,,
use,,,
used,,,
useful,,,
uses,,,
using,,,
usually,,,
value,,,
various,,,
very,,,
via,,,
viz,,,
vs,,,
want,,,
wants,,,
was,,,
wasn't,,,
way,,,
we,,,
we'd,,,
welcome,,,
well,,,
we'll,,,
went,,,
were,,,
we're,,,
weren't,,,
we've,,,
what,,,
whatever,,,
what's,,,
when,,,
whence,,,
whenever,,,
where,,,
whereafter,,,
whereas,,,
whereby,,,
wherein,,,
where's,,,
whereupon,,,
wherever,,,
whether,,,
which,,,
while,,,
whither,,,
who,,,
whoever,,,
whole,,,
whom,,,
who's,,,
whose,,,
why,,,
will,,,
willing,,,
wish,,,
with,,,
within,,,
without,,,
wonder,,,
won't,,,
would,,,
wouldn't,,,
yes,,,
yet,,,
you,,,
you'd,,,
you'll,,,
your,,,
you're,,,
yours,,,
yourself,,,
yourselves,,,
you've,,,
zero,,,
zt,,,
ZT,,,
zz,,,
ZZ,,,
一,,,
一下,,,
一些,,,
一切,,,
一则,,,
一天,,,
一定,,,
一方面,,,
一旦,,,
一时,,,
一来,,,
一样,,,
一次,,,
一片,,,
一直,,,
一致,,,
一般,,,
一起,,,
一边,,,
一面,,,
万一,,,
上下,,,
上升,,,
上去,,,
上来,,,
上述,,,
上面,,,
下列,,,
下去,,,
下来,,,
下面,,,
不一,,,
不久,,,
不仅,,,
不会,,,
不但,,,
不光,,,
不单,,,
不变,,,
不只,,,
不可,,,
不同,,,
不够,,,
不如,,,
不得,,,
不怕,,,
不惟,,,
不成,,,
不拘,,,
不敢,,,
不断,,,
不是,,,
不比,,,
不然,,,
不特,,,
不独,,,
不管,,,
不能,,,
不要,,,
不论,,,
不足,,,
不过,,,
不问,,,
与,,,
与其,,,
与否,,,
与此同时,,,
专门,,,
且,,,
两者,,,
严格,,,
严重,,,
个,,,
个人,,,
个别,,,
中小,,,
中间,,,
丰富,,,
临,,,
为,,,
为主,,,
为了,,,
为什么,,,
为什麽,,,
为何,,,
为着,,,
主张,,,
主要,,,
举行,,,
乃,,,
乃至,,,
么,,,
之,,,
之一,,,
之前,,,
之后,,,
之後,,,
之所以,,,
之类,,,
乌乎,,,
乎,,,
乘,,,
也,,,
也好,,,
也是,,,
也罢,,,
了,,,
了解,,,
争取,,,
于,,,
于是,,,
于是乎,,,
云云,,,
互相,,,
产生,,,
人们,,,
人家,,,
什么,,,
什么样,,,
什麽,,,
今后,,,
今天,,,
今年,,,
今後,,,
仍然,,,
从,,,
从事,,,
从而,,,
他,,,
他人,,,
他们,,,
他的,,,
代替,,,
以,,,
以上,,,
以下,,,
以为,,,
以便,,,
以免,,,
以前,,,
以及,,,
以后,,,
以外,,,
以後,,,
以来,,,
以至,,,
以至于,,,
以致,,,
们,,,
任,,,
任何,,,
任凭,,,
任务,,,
企图,,,
伟大,,,
似乎,,,
似的,,,
但,,,
但是,,,
何,,,
何况,,,
何处,,,
何时,,,
作为,,,
你,,,
你们,,,
你的,,,
使得,,,
使用,,,
例如,,,
依,,,
依照,,,
依靠,,,
促进,,,
保持,,,
俺,,,
俺们,,,
倘,,,
倘使,,,
倘或,,,
倘然,,,
倘若,,,
假使,,,
假如,,,
假若,,,
做到,,,
像,,,
允许,,,
充分,,,
先后,,,
先後,,,
先生,,,
全部,,,
全面,,,
兮,,,
共同,,,
关于,,,
其,,,
其一,,,
其中,,,
其二,,,
其他,,,
其余,,,
其它,,,
其实,,,
其次,,,
具体,,,
具体地说,,,
具体说来,,,
具有,,,
再者,,,
再说,,,
冒,,,
冲,,,
决定,,,
况且,,,
准备,,,
几,,,
几乎,,,
几时,,,
凭,,,
凭借,,,
出去,,,
出来,,,
出现,,,
分别,,,
则,,,
别,,,
别的,,,
别说,,,
到,,,
前后,,,
前者,,,
前进,,,
前面,,,
加之,,,
加以,,,
加入,,,
加强,,,
十分,,,
即,,,
即令,,,
即使,,,
即便,,,
即或,,,
即若,,,
却不,,,
原来,,,
又,,,
及,,,
及其,,,
及时,,,
及至,,,
双方,,,
反之,,,
反应,,,
反映,,,
反过来,,,
反过来说,,,
取得,,,
受到,,,
变成,,,
另,,,
另一方面,,,
另外,,,
只是,,,
只有,,,
只要,,,
只限,,,
叫,,,
叫做,,,
召开,,,
叮咚,,,
可,,,
可以,,,
可是,,,
可能,,,
可见,,,
各,,,
各个,,,
各人,,,
各位,,,
各地,,,
各种,,,
各级,,,
各自,,,
合理,,,
同,,,
同一,,,
同时,,,
同样,,,
后来,,,
后面,,,
向,,,
向着,,,
吓,,,
吗,,,
否则,,,
吧,,,
吧哒,,,
吱,,,
呀,,,
呃,,,
呕,,,
呗,,,
呜,,,
呜呼,,,
呢,,,
周围,,,
呵,,,
呸,,,
呼哧,,,
咋,,,
和,,,
咚,,,
咦,,,
咱,,,
咱们,,,
咳,,,
哇,,,
哈,,,
哈哈,,,
哉,,,
哎,,,
哎呀,,,
哎哟,,,
哗,,,
哟,,,
哦,,,
哩,,,
哪,,,
哪个,,,
哪些,,,
哪儿,,,
哪天,,,
哪年,,,
哪怕,,,
哪样,,,
哪边,,,
哪里,,,
哼,,,
哼唷,,,
唉,,,
啊,,,
啐,,,
啥,,,
啦,,,
啪达,,,
喂,,,
喏,,,
喔唷,,,
嗡嗡,,,
嗬,,,
嗯,,,
嗳,,,
嘎,,,
嘎登,,,
嘘,,,
嘛,,,
嘻,,,
嘿,,,
因,,,
因为,,,
因此,,,
因而,,,
固然,,,
在,,,
在下,,,
地,,,
坚决,,,
坚持,,,
基本,,,
处理,,,
复杂,,,
多,,,
多少,,,
多数,,,
多次,,,
大力,,,
大多数,,,
大大,,,
大家,,,
大批,,,
大约,,,
大量,,,
失去,,,
她,,,
她们,,,
她的,,,
好的,,,
好象,,,
如,,,
如上所述,,,
如下,,,
如何,,,
如其,,,
如果,,,
如此,,,
如若,,,
存在,,,
宁,,,
宁可,,,
宁愿,,,
宁肯,,,
它,,,
它们,,,
它们的,,,
它的,,,
安全,,,
完全,,,
完成,,,
实现,,,
实际,,,
宣布,,,
容易,,,
密切,,,
对,,,
对于,,,
对应,,,
将,,,
少数,,,
尔后,,,
尚且,,,
尤其,,,
就,,,
就是,,,
就是说,,,
尽,,,
尽管,,,
属于,,,
岂但,,,
左右,,,
巨大,,,
巩固,,,
己,,,
已经,,,
帮助,,,
常常,,,
并,,,
并不,,,
并不是,,,
并且,,,
并没有,,,
广大,,,
广泛,,,
应当,,,
应用,,,
应该,,,
开外,,,
开始,,,
开展,,,
引起,,,
强烈,,,
强调,,,
归,,,
当,,,
当前,,,
当时,,,
当然,,,
当着,,,
形成,,,
彻底,,,
彼,,,
彼此,,,
往,,,
往往,,,
待,,,
後来,,,
後面,,,
得,,,
得出,,,
得到,,,
心里,,,
必然,,,
必要,,,
必须,,,
怎,,,
怎么,,,
怎么办,,,
怎么样,,,
怎样,,,
怎麽,,,
总之,,,
总是,,,
总的来看,,,
总的来说,,,
总的说来,,,
总结,,,
总而言之,,,
恰恰相反,,,
您,,,
意思,,,
愿意,,,
慢说,,,
成为,,,
我,,,
我们,,,
我的,,,
或,,,
或是,,,
或者,,,
战斗,,,
所,,,
所以,,,
所有,,,
所谓,,,
打,,,
扩大,,,
把,,,
抑或,,,
拿,,,
按,,,
按照,,,
换句话说,,,
换言之,,,
据,,,
掌握,,,
接着,,,
接著,,,
故,,,
故此,,,
整个,,,
方便,,,
方面,,,
旁人,,,
无宁,,,
无法,,,
无论,,,
既,,,
既是,,,
既然,,,
时候,,,
明显,,,
明确,,,
是,,,
是否,,,
是的,,,
显然,,,
显著,,,
普通,,,
普遍,,,
更加,,,
曾经,,,
替,,,
最后,,,
最大,,,
最好,,,
最後,,,
最近,,,
最高,,,
有,,,
有些,,,
有关,,,
有利,,,
有力,,,
有所,,,
有效,,,
有时,,,
有点,,,
有的,,,
有着,,,
有著,,,
望,,,
朝,,,
朝着,,,
本,,,
本着,,,
来,,,
来着,,,
极了,,,
构成,,,
果然,,,
果真,,,
某,,,
某个,,,
某些,,,
根据,,,
根本,,,
欢迎,,,
正在,,,
正如,,,
正常,,,
此,,,
此外,,,
此时,,,
此间,,,
毋宁,,,
每,,,
每个,,,
每天,,,
每年,,,
每当,,,
比,,,
比如,,,
比方,,,
比较,,,
毫不,,,
没有,,,
沿,,,
沿着,,,
注意,,,
深入,,,
清楚,,,
满足,,,
漫说,,,
焉,,,
然则,,,
然后,,,
然後,,,
然而,,,
照,,,
照着,,,
特别是,,,
特殊,,,
特点,,,
现代,,,
现在,,,
甚么,,,
甚而,,,
甚至,,,
用,,,
由,,,
由于,,,
由此可见,,,
的,,,
的话,,,
目前,,,
直到,,,
直接,,,
相似,,,
相信,,,
相反,,,
相同,,,
相对,,,
相对而言,,,
相应,,,
相当,,,
相等,,,
省得,,,
看出,,,
看到,,,
看来,,,
看看,,,
看见,,,
真是,,,
真正,,,
着,,,
着呢,,,
矣,,,
知道,,,
确定,,,
离,,,
积极,,,
移动,,,
突出,,,
突然,,,
立即,,,
第,,,
等,,,
等等,,,
管,,,
紧接着,,,
纵,,,
纵令,,,
纵使,,,
纵然,,,
练习,,,
组成,,,
经,,,
经常,,,
经过,,,
结合,,,
结果,,,
给,,,
绝对,,,
继续,,,
继而,,,
维持,,,
综上所述,,,
罢了,,,
考虑,,,
者,,,
而,,,
而且,,,
而况,,,
而外,,,
而已,,,
而是,,,
而言,,,
联系,,,
能,,,
能否,,,
能够,,,
腾,,,
自,,,
自个儿,,,
自从,,,
自各儿,,,
自家,,,
自己,,,
自身,,,
至,,,
至于,,,
良好,,,
若,,,
若是,,,
若非,,,
范围,,,
莫若,,,
获得,,,
虽,,,
虽则,,,
虽然,,,
虽说,,,
行为,,,
行动,,,
表明,,,
表示,,,
被,,,
要,,,
要不,,,
要不是,,,
要不然,,,
要么,,,
要是,,,
要求,,,
规定,,,
觉得,,,
认为,,,
认真,,,
认识,,,
让,,,
许多,,,
论,,,
设使,,,
设若,,,
该,,,
说明,,,
诸位,,,
谁,,,
谁知,,,
赶,,,
起,,,
起来,,,
起见,,,
趁,,,
趁着,,,
越是,,,
跟,,,
转动,,,
转变,,,
转贴,,,
较,,,
较之,,,
边,,,
达到,,,
迅速,,,
过,,,
过去,,,
过来,,,
运用,,,
还是,,,
还有,,,
这,,,
这个,,,
这么,,,
这么些,,,
这么样,,,
这么点儿,,,
这些,,,
这会儿,,,
这儿,,,
这就是说,,,
这时,,,
这样,,,
这点,,,
这种,,,
这边,,,
这里,,,
这麽,,,
进入,,,
进步,,,
进而,,,
进行,,,
连,,,
连同,,,
适应,,,
适当,,,
适用,,,
逐步,,,
逐渐,,,
通常,,,
通过,,,
造成,,,
遇到,,,
遭到,,,
避免,,,
那,,,
那个,,,
那么,,,
那么些,,,
那么样,,,
那些,,,
那会儿,,,
那儿,,,
那时,,,
那样,,,
那边,,,
那里,,,
那麽,,,
部分,,,
鄙人,,,
采取,,,
里面,,,
重大,,,
重新,,,
重要,,,
鉴于,,,
问题,,,
防止,,,
阿,,,
附近,,,
限制,,,
除,,,
除了,,,
除此之外,,,
除非,,,
随,,,
随着,,,
随著,,,
集中,,,
需要,,,
非但,,,
非常,,,
非徒,,,
靠,,,
顺,,,
顺着,,,
首先,,,
高兴,,,
是不是,,,
说说,,,
打开天窗说亮话,,,
到目前为止,,,
赶早不赶晚,,,
常言说得好,,,
何乐而不为,,,
毫无保留地,,,
由此可见,,,
这就是说,,,
这么点儿,,,
综上所述,,,
总的来看,,,
总的来说,,,
总的说来,,,
总而言之,,,
相对而言,,,
除此之外,,,
反过来说,,,
恰恰相反,,,
如上所述,,,
换句话说,,,
具体地说,,,
具体说来,,,
另一方面,,,
与此同时,,,
一则通过,,,
毫无例外,,,
不然的话,,,
从此以后,,,
从古到今,,,
从古至今,,,
从今以后,,,
大张旗鼓,,,
从无到有,,,
从早到晚,,,
弹指之间,,,
不亦乐乎,,,
不知不觉,,,
不止一次,,,
不择手段,,,
不可开交,,,
不可抗拒,,,
不仅仅是,,,
不管怎样,,,
挨家挨户,,,
长此下去,,,
长话短说,,,
除此而外,,,
除此以外,,,
除此之外,,,
得天独厚,,,
川流不息,,,
长期以来,,,
挨门挨户,,,
挨门逐户,,,
多多少少,,,
多多益善,,,
二话不说,,,
更进一步,,,
二话没说,,,
分期分批,,,
风雨无阻,,,
归根到底,,,
归根结底,,,
反之亦然,,,
大面儿上,,,
倒不如说,,,
成年累月,,,
换句话说,,,
或多或少,,,
简而言之,,,
接连不断,,,
尽如人意,,,
尽心竭力,,,
尽心尽力,,,
尽管如此,,,
据我所知,,,
具体地说,,,
具体来说,,,
具体说来,,,
近几年来,,,
每时每刻,,,
屡次三番,,,
三番两次,,,
三番五次,,,
三天两头,,,
另一方面,,,
老老实实,,,
年复一年,,,
恰恰相反,,,
顷刻之间,,,
穷年累月,,,
千万千万,,,
日复一日,,,
如此等等,,,
如前所述,,,
如上所述,,,
一方面,,,
切不可,,,
顷刻间,,,
全身心,,,
另方面,,,
另一个,,,
猛然间,,,
默默地,,,
就是说,,,
近年来,,,
尽可能,,,
接下来,,,
简言之,,,
急匆匆,,,
即是说,,,
基本上,,,
换言之,,,
充其极,,,
充其量,,,
暗地里,,,
反之则,,,
比如说,,,
背地里,,,
背靠背,,,
并没有,,,
不得不,,,
不得了,,,
不得已,,,
不仅仅,,,
不经意,,,
不能不,,,
不外乎,,,
不由得,,,
不怎么,,,
不至于,,,
策略地,,,
差不多,,,
常言道,,,
常言说,,,
多年来,,,
多年前,,,
差一点,,,
敞开儿,,,
抽冷子,,,
大不了,,,
反倒是,,,
反过来,,,
大体上,,,
当口儿,,,
倒不如,,,
怪不得,,,
动不动,,,
看起来,,,
看上去,,,
看样子,,,
够瞧的,,,
到了儿,,,
呆呆地,,,
来不及,,,
来得及,,,
到头来,,,
连日来,,,
于是乎,,,
为什么,,,
这会儿,,,
换言之,,,
那会儿,,,
那么些,,,
那么样,,,
什么样,,,
反过来,,,
紧接着,,,
就是说,,,
要不然,,,
要不是,,,
一方面,,,
以至于,,,
自个儿,,,
自各儿,,,
之所以,,,
这么些,,,
这么样,,,
怎么办,,,
怎么样,,,
谁知,,,
顺着,,,
似的,,,
虽然,,,
虽说,,,
虽则,,,
随着,,,
所以,,,
他们,,,
他人,,,
它们,,,
她们,,,
倘或,,,
倘然,,,
倘若,,,
倘使,,,
要么,,,
要是,,,
也罢,,,
也好,,,
以便,,,
依照,,,
以及,,,
以免,,,
以至,,,
以致,,,
抑或,,,
因此,,,
因而,,,
因为,,,
由于,,,
有的,,,
有关,,,
有些,,,
于是,,,
与否,,,
与其,,,
越是,,,
云云,,,
一般,,,
一旦,,,
一来,,,
一切,,,
一样,,,
同时,,,
万一,,,
为何,,,
为了,,,
为着,,,
嗡嗡,,,
我们,,,
呜呼,,,
乌乎,,,
无论,,,
无宁,,,
沿着,,,
毋宁,,,
向着,,,
照着,,,
怎么,,,
咱们,,,
在下,,,
再说,,,
再者,,,
怎样,,,
这边,,,
这儿,,,
这个,,,
这里,,,
这么,,,
这时,,,
这些,,,
这样,,,
正如,,,
之类,,,
之一,,,
只是,,,
只限,,,
只要,,,
只有,,,
至于,,,
诸位,,,
着呢,,,
纵令,,,
纵然,,,
纵使,,,
遵照,,,
作为,,,
喔唷,,,
自从,,,
自己,,,
自家,,,
自身,,,
总之,,,
要不,,,
哎呀,,,
哎哟,,,
俺们,,,
按照,,,
吧哒,,,
罢了,,,
本着,,,
比方,,,
比如,,,
鄙人,,,
彼此,,,
别的,,,
别说,,,
并且,,,
不比,,,
不成,,,
不单,,,
不但,,,
不独,,,
不管,,,
不光,,,
不过,,,
不仅,,,
不拘,,,
不论,,,
不怕,,,
不然,,,
不如,,,
不特,,,
不惟,,,
不问,,,
不只,,,
朝着,,,
趁着,,,
除非,,,
除了,,,
此间,,,
此外,,,
从而,,,
但是,,,
当着,,,
的话,,,
等等,,,
叮咚,,,
对于,,,
多少,,,
而况,,,
而且,,,
而是,,,
而外,,,
而言,,,
而已,,,
尔后,,,
反之,,,
非但,,,
非徒,,,
否则,,,
嘎登,,,
各个,,,
各位,,,
各种,,,
各自,,,
根据,,,
故此,,,
固然,,,
关于,,,
果然,,,
果真,,,
哈哈,,,
何处,,,
何况,,,
何时,,,
哼唷,,,
呼哧,,,
还是,,,
还有,,,
或是,,,
或者,,,
极了,,,
及其,,,
及至,,,
即便,,,
即或,,,
即令,,,
即若,,,
即使,,,
既然,,,
既是,,,
继而,,,
加之,,,
假如,,,
假若,,,
假使,,,
鉴于,,,
几时,,,
较之,,,
接着,,,
结果,,,
进而,,,
尽管,,,
经过,,,
就是,,,
可见,,,
可是,,,
可以,,,
况且,,,
开始,,,
开外,,,
来着,,,
例如,,,
连同,,,
两者,,,
另外,,,
慢说,,,
漫说,,,
每当,,,
莫若,,,
某个,,,
某些,,,
哪边,,,
哪儿,,,
哪个,,,
哪里,,,
哪年,,,
哪怕,,,
哪天,,,
哪些,,,
哪样,,,
那边,,,
那儿,,,
那个,,,
那里,,,
那么,,,
那时,,,
那些,,,
那样,,,
乃至,,,
宁可,,,
宁肯,,,
宁愿,,,
你们,,,
啪达,,,
旁人,,,
凭借,,,
其次,,,
其二,,,
其他,,,
其它,,,
其一,,,
其余,,,
其中,,,
起见,,,
起见,,,
岂但,,,
前后,,,
前者,,,
然而,,,
然后,,,
然则,,,
人家,,,
任何,,,
任凭,,,
如此,,,
如果,,,
如何,,,
如其,,,
如若,,,
若非,,,
若是,,,
上下,,,
尚且,,,
设若,,,
设使,,,
甚而,,,
甚么,,,
甚至,,,
省得,,,
时候,,,
什么,,,
使得,,,
是的,,,
首先,,,
首先,,,
其次,,,
再次,,,
最后,,,
您们,,,
它们,,,
她们,,,
他们,,,
我们,,,
你是,,,
您是,,,
我是,,,
他是,,,
她是,,,
它是,,,
不是,,,
你们,,,
啊哈,,,
啊呀,,,
啊哟,,,
挨次,,,
挨个,,,
挨着,,,
哎呀,,,
哎哟,,,
俺们,,,
按理,,,
按期,,,
默然,,,
按时,,,
按说,,,
按照,,,
暗中,,,
暗自,,,
昂然,,,
八成,,,
倍感,,,
倍加,,,
本人,,,
本身,,,
本着,,,
并非,,,
别人,,,
必定,,,
比起,,,
比如,,,
比照,,,
鄙人,,,
毕竟,,,
必将,,,
必须,,,
并肩,,,
并没,,,
并排,,,
并且,,,
并无,,,
勃然,,,
不必,,,
不常,,,
不大,,,
不单,,,
不但,,,
而且,,,
不得,,,
不迭,,,
不定,,,
不独,,,
不对,,,
不妨,,,
不管,,,
不光,,,
不过,,,
不会,,,
不仅,,,
不拘,,,
不力,,,
不了,,,
不料,,,
不论,,,
不满,,,
不免,,,
不起,,,
不巧,,,
不然,,,
不日,,,
不少,,,
不胜,,,
不时,,,
不是,,,
不同,,,
不能,,,
不要,,,
不外,,,
不下,,,
不限,,,
不消,,,
不已,,,
不再,,,
不曾,,,
不止,,,
不只,,,
才能,,,
彻夜,,,
趁便,,,
趁机,,,
趁热,,,
趁势,,,
趁早,,,
趁着,,,
成心,,,
乘机,,,
乘势,,,
乘隙,,,
乘虚,,,
诚然,,,
迟早,,,
充分,,,
出来,,,
出去,,,
除此,,,
除非,,,
除开,,,
除了,,,
除去,,,
除却,,,
除外,,,
处处,,,
传说,,,
传闻,,,
纯粹,,,
此后,,,
此间,,,
此外,,,
此中,,,
次第,,,
匆匆,,,
从不,,,
从此,,,
从而,,,
从宽,,,
从来,,,
从轻,,,
从速,,,
从头,,,
从未,,,
从小,,,
从新,,,
从严,,,
从优,,,
从中,,,
从重,,,
凑巧,,,
存心,,,
达旦,,,
打从,,,
大大,,,
大抵,,,
大都,,,
大多,,,
大凡,,,
大概,,,
大家,,,
大举,,,
大略,,,
大约,,,
大致,,,
待到,,,
单纯,,,
单单,,,
但是,,,
但愿,,,
当场,,,
当儿,,,
当即,,,
当然,,,
当庭,,,
当头,,,
当下,,,
当真,,,
当中,,,
当着,,,
倒是,,,
到处,,,
到底,,,
到头,,,
得起,,,
的话,,,
的确,,,
等到,,,
等等,,,
顶多,,,
动辄,,,
陡然,,,
独自,,,
断然,,,
对于,,,
顿时,,,
多次,,,
多多,,,
多亏,,,
而后,,,
而论,,,
而且,,,
而是,,,
而外,,,
而言,,,
而已,,,
而又,,,
尔等,,,
反倒,,,
反而,,,
反手,,,
反之,,,
方才,,,
方能,,,
非常,,,
非但,,,
非得,,,
分头,,,
奋勇,,,
愤然,,,
更为,,,
更加,,,
根据,,,
个人,,,
各式,,,
刚才,,,
敢情,,,
该当,,,
嘎嘎,,,
否则,,,
赶快,,,
敢于,,,
刚好,,,
刚巧,,,
高低,,,
格外,,,
隔日,,,
隔夜,,,
公然,,,
过于,,,
果然,,,
果真,,,
光是,,,
关于,,,
共总,,,
姑且,,,
故此,,,
故而,,,
故意,,,
固然,,,
惯常,,,
毫不,,,
毫无,,,
很多,,,
何须,,,
好在,,,
何必,,,
何尝,,,
何妨,,,
何苦,,,
何况,,,
何止,,,
很少,,,
轰然,,,
后来,,,
呼啦,,,
哗啦,,,
互相,,,
忽地,,,
忽然,,,
话说,,,
或是,,,
伙同,,,
豁然,,,
恍然,,,
还是,,,
或许,,,
或者,,,
基本,,,
基于,,,
极大,,,
极度,,,
极端,,,
极力,,,
极其,,,
极为,,,
即便,,,
即将,,,
及其,,,
及至,,,
即刻,,,
即令,,,
即使,,,
几度,,,
几番,,,
几乎,,,
几经,,,
既然,,,
继而,,,
继之,,,
加上,,,
加以,,,
加之,,,
假如,,,
假若,,,
假使,,,
间或,,,
将才,,,
简直,,,
鉴于,,,
将近,,,
将要,,,
交口,,,
较比,,,
较为,,,
较之,,,
皆可,,,
截然,,,
截至,,,
藉以,,,
借此,,,
借以,,,
届时,,,
尽快,,,
近来,,,
进而,,,
进来,,,
进去,,,
尽管,,,
尽量,,,
尽然,,,
就算,,,
居然,,,
就此,,,
就地,,,
竟然,,,
究竟,,,
经常,,,
尽早,,,
精光,,,
经过,,,
就是,,,
局外,,,
举凡,,,
据称,,,
据此,,,
据实,,,
据说,,,
可好,,,
看来,,,
开外,,,
绝不,,,
决不,,,
据悉,,,
决非,,,
绝顶,,,
绝对,,,
绝非,,,
可见,,,
可能,,,
可是,,,
可以,,,
恐怕,,,
来讲,,,
来看,,,
快要,,,
况且,,,
拦腰,,,
牢牢,,,
老是,,,
累次,,,
累年,,,
理当,,,
理该,,,
理应,,,
例如,,,
立地,,,
立刻,,,
立马,,,
立时,,,
联袂,,,
连连,,,
连日,,,
路经,,,
临到,,,
连声,,,
连同,,,
连袂,,,
另外,,,
另行,,,
屡次,,,
屡屡,,,
缕缕,,,
率尔,,,
率然,,,
略加,,,
略微,,,
略为,,,
论说,,,
马上,,,
猛然,,,
没有,,,
每当,,,
每逢,,,
每每,,,
莫不,,,
莫非,,,
莫如,,,
莫若,,,
哪怕,,,
那么,,,
那末,,,
那些,,,
乃至,,,
难道,,,
难得,,,
难怪,,,
难说,,,
你们,,,
凝神,,,
宁可,,,
宁肯,,,
宁愿,,,
偶而,,,
偶尔,,,
碰巧,,,
譬如,,,
偏偏,,,
平素,,,
迫于,,,
扑通,,,
其次,,,
其后,,,
其实,,,
其它,,,
起初,,,
起来,,,
起首,,,
起头,,,
起先,,,
岂但,,,
岂非,,,
岂止,,,
恰逢,,,
恰好,,,
恰恰,,,
恰巧,,,
恰如,,,
恰似,,,
前后,,,
前者,,,
切莫,,,
切切,,,
切勿,,,
亲口,,,
亲身,,,
亲手,,,
亲眼,,,
亲自,,,
顷刻,,,
请勿,,,
取道,,,
权时,,,
全都,,,
全力,,,
全年,,,
全然,,,
然而,,,
然后,,,
人家,,,
人人,,,
仍旧,,,
仍然,,,
日见,,,
日渐,,,
日益,,,
日臻,,,
如常,,,
如次,,,
如果,,,
如今,,,
如期,,,
如若,,,
如上,,,
如下,,,
上来,,,
上去,,,
瑟瑟,,,
沙沙,,,
啊,,,
哎,,,
唉,,,
俺,,,
按,,,
吧,,,
把,,,
甭,,,
别,,,
嘿,,,
很,,,
乎,,,
会,,,
或,,,
既,,,
及,,,
啦,,,
了,,,
们,,,
你,,,
您,,,
哦,,,
砰,,,
啊,,,
你,,,
我,,,
他,,,
她,,,
它,,,
$,,,
0,,,
1,,,
2,,,
3,,,
4,,,
5,,,
6,,,
7,,,
8,,,
9,,,
?,,,
_,,,
“,,,
”,,,
、,,,
。,,,
《,,,
》,,,
一,,,
一些,,,
一何,,,
一切,,,
一则,,,
一方面,,,
一旦,,,
一来,,,
一样,,,
一般,,,
一转眼,,,
万一,,,
上,,,
上下,,,
下,,,
不,,,
不仅,,,
不但,,,
不光,,,
不单,,,
不只,,,
不外乎,,,
不如,,,
不妨,,,
不尽,,,
不尽然,,,
不得,,,
不怕,,,
不惟,,,
不成,,,
不拘,,,
不料,,,
不是,,,
不比,,,
不然,,,
不特,,,
不独,,,
不管,,,
不至于,,,
不若,,,
不论,,,
不过,,,
不问,,,
与,,,
与其,,,
与其说,,,
与否,,,
与此同时,,,
且,,,
且不说,,,
且说,,,
两者,,,
个,,,
个别,,,
临,,,
为,,,
为了,,,
为什么,,,
为何,,,
为止,,,
为此,,,
为着,,,
乃,,,
乃至,,,
乃至于,,,
么,,,
之,,,
之一,,,
之所以,,,
之类,,,
乌乎,,,
乎,,,
乘,,,
也,,,
也好,,,
也罢,,,
了,,,
二来,,,
于,,,
于是,,,
于是乎,,,
云云,,,
云尔,,,
些,,,
亦,,,
人,,,
人们,,,
人家,,,
什么,,,
什么样,,,
今,,,
介于,,,
仍,,,
仍旧,,,
从,,,
从此,,,
从而,,,
他,,,
他人,,,
他们,,,
以,,,
以上,,,
以为,,,
以便,,,
以免,,,
以及,,,
以故,,,
以期,,,
以来,,,
以至,,,
以至于,,,
以致,,,
们,,,
任,,,
任何,,,
任凭,,,
似的,,,
但,,,
但凡,,,
但是,,,
何,,,
何以,,,
何况,,,
何处,,,
何时,,,
余外,,,
作为,,,
你,,,
你们,,,
使,,,
使得,,,
例如,,,
依,,,
依据,,,
依照,,,
便于,,,
俺,,,
俺们,,,
倘,,,
倘使,,,
倘或,,,
倘然,,,
倘若,,,
借,,,
假使,,,
假如,,,
假若,,,
傥然,,,
像,,,
儿,,,
先不先,,,
光是,,,
全体,,,
全部,,,
兮,,,
关于,,,
其,,,
其一,,,
其中,,,
其二,,,
其他,,,
其余,,,
其它,,,
其次,,,
具体地说,,,
具体说来,,,
兼之,,,
内,,,
再,,,
再其次,,,
再则,,,
再有,,,
再者,,,
再者说,,,
再说,,,
冒,,,
冲,,,
况且,,,
几,,,
几时,,,
凡,,,
凡是,,,
凭,,,
凭借,,,
出于,,,
出来,,,
分别,,,
则,,,
则甚,,,
别,,,
别人,,,
别处,,,
别是,,,
别的,,,
别管,,,
别说,,,
到,,,
前后,,,
前此,,,
前者,,,
加之,,,
加以,,,
即,,,
即令,,,
即使,,,
即便,,,
即如,,,
即或,,,
即若,,,
却,,,
去,,,
又,,,
又及,,,
及,,,
及其,,,
及至,,,
反之,,,
反而,,,
反过来,,,
反过来说,,,
受到,,,
另,,,
另一方面,,,
另外,,,
另悉,,,
只,,,
只当,,,
只怕,,,
只是,,,
只有,,,
只消,,,
只要,,,
只限,,,
叫,,,
叮咚,,,
可,,,
可以,,,
可是,,,
可见,,,
各,,,
各个,,,
各位,,,
各种,,,
各自,,,
同,,,
同时,,,
后,,,
后者,,,
向,,,
向使,,,
向着,,,
吓,,,
吗,,,
否则,,,
吧,,,
吧哒,,,
吱,,,
呀,,,
呃,,,
呕,,,
呗,,,
呜,,,
呜呼,,,
呢,,,
呵,,,
呵呵,,,
呸,,,
呼哧,,,
咋,,,
和,,,
咚,,,
咦,,,
咧,,,
咱,,,
咱们,,,
咳,,,
哇,,,
哈,,,
哈哈,,,
哉,,,
哎,,,
哎呀,,,
哎哟,,,
哗,,,
哟,,,
哦,,,
哩,,,
哪,,,
哪个,,,
哪些,,,
哪儿,,,
哪天,,,
哪年,,,
哪怕,,,
哪样,,,
哪边,,,
哪里,,,
哼,,,
哼唷,,,
唉,,,
唯有,,,
啊,,,
啐,,,
啥,,,
啦,,,
啪达,,,
啷当,,,
喂,,,
喏,,,
喔唷,,,
喽,,,
嗡,,,
嗡嗡,,,
嗬,,,
嗯,,,
嗳,,,
嘎,,,
嘎登,,,
嘘,,,
嘛,,,
嘻,,,
嘿,,,
嘿嘿,,,
因,,,
因为,,,
因了,,,
因此,,,
因着,,,
因而,,,
固然,,,
在,,,
在下,,,
在于,,,
地,,,
基于,,,
处在,,,
多,,,
多么,,,
多少,,,
大,,,
大家,,,
她,,,
她们,,,
好,,,
如,,,
如上,,,
如上所述,,,
如下,,,
如何,,,
如其,,,
如同,,,
如是,,,
如果,,,
如此,,,
如若,,,
始而,,,
孰料,,,
孰知,,,
宁,,,
宁可,,,
宁愿,,,
宁肯,,,
它,,,
它们,,,
对,,,
对于,,,
对待,,,
对方,,,
对比,,,
将,,,
小,,,
尔,,,
尔后,,,
尔尔,,,
尚且,,,
就,,,
就是,,,
就是了,,,
就是说,,,
就算,,,
就要,,,
尽,,,
尽管,,,
尽管如此,,,
岂但,,,
己,,,
已,,,
已矣,,,
巴,,,
巴巴,,,
并,,,
并且,,,
并非,,,
庶乎,,,
庶几,,,
开外,,,
开始,,,
归,,,
归齐,,,
当,,,
当地,,,
当然,,,
当着,,,
彼,,,
彼时,,,
彼此,,,
往,,,
待,,,
很,,,
得,,,
得了,,,
怎,,,
怎么,,,
怎么办,,,
怎么样,,,
怎奈,,,
怎样,,,
总之,,,
总的来看,,,
总的来说,,,
总的说来,,,
总而言之,,,
恰恰相反,,,
您,,,
惟其,,,
慢说,,,
我,,,
我们,,,
或,,,
或则,,,
或是,,,
或曰,,,
或者,,,
截至,,,
所,,,
所以,,,
所在,,,
所幸,,,
所有,,,
才,,,
才能,,,
打,,,
打从,,,
把,,,
抑或,,,
拿,,,
按,,,
按照,,,
换句话说,,,
换言之,,,
据,,,
据此,,,
接着,,,
故,,,
故此,,,
故而,,,
旁人,,,
无,,,
无宁,,,
无论,,,
既,,,
既往,,,
既是,,,
既然,,,
时候,,,
是,,,
是以,,,
是的,,,
曾,,,
替,,,
替代,,,
最,,,
有,,,
有些,,,
有关,,,
有及,,,
有时,,,
有的,,,
望,,,
朝,,,
朝着,,,
本,,,
本人,,,
本地,,,
本着,,,
本身,,,
来,,,
来着,,,
来自,,,
来说,,,
极了,,,
果然,,,
果真,,,
某,,,
某个,,,
某些,,,
某某,,,
根据,,,
欤,,,
正值,,,
正如,,,
正巧,,,
正是,,,
此,,,
此地,,,
此处,,,
此外,,,
此时,,,
此次,,,
此间,,,
毋宁,,,
每,,,
每当,,,
比,,,
比及,,,
比如,,,
比方,,,
没奈何,,,
沿,,,
沿着,,,
漫说,,,
焉,,,
然则,,,
然后,,,
然而,,,
照,,,
照着,,,
犹且,,,
犹自,,,
甚且,,,
甚么,,,
甚或,,,
甚而,,,
甚至,,,
甚至于,,,
用,,,
用来,,,
由,,,
由于,,,
由是,,,
由此,,,
由此可见,,,
的,,,
的确,,,
的话,,,
直到,,,
相对而言,,,
省得,,,
看,,,
眨眼,,,
着,,,
着呢,,,
矣,,,
矣乎,,,
矣哉,,,
离,,,
竟而,,,
第,,,
等,,,
等到,,,
等等,,,
简言之,,,
管,,,
类如,,,
紧接着,,,
纵,,,
纵令,,,
纵使,,,
纵然,,,
经,,,
经过,,,
结果,,,
给,,,
继之,,,
继后,,,
继而,,,
综上所述,,,
罢了,,,
者,,,
而,,,
而且,,,
而况,,,
而后,,,
而外,,,
而已,,,
而是,,,
而言,,,
能,,,
能否,,,
腾,,,
自,,,
自个儿,,,
自从,,,
自各儿,,,
自后,,,
自家,,,
自己,,,
自打,,,
自身,,,
至,,,
至于,,,
至今,,,
至若,,,
致,,,
般的,,,
若,,,
若夫,,,
若是,,,
若果 ,,,
若非,,,
莫不然,,,
莫如,,,
莫若,,,
虽,,,
虽则,,,
虽然,,,
虽说,,,
被,,,
要,,,
要不,,,
要不是,,,
要不然,,,
要么,,,
要是,,,
譬喻,,,
譬如,,,
让,,,
许多,,,
论,,,
设使,,,
设或,,,
设若,,,
诚如,,,
诚然,,,
该,,,
说来,,,
诸,,,
诸位,,,
诸如,,,
谁,,,
谁人,,,
谁料,,,
谁知,,,
贼死,,,
赖以,,,
赶,,,
起,,,
起见,,,
趁,,,
趁着,,,
越是,,,
距,,,
跟,,,
较,,,
较之,,,
边,,,
过,,,
还,,,
还是,,,
还有,,,
还要,,,
这,,,
这一来,,,
这个,,,
这么,,,
这么些,,,
这么样,,,
这么点儿,,,
这些,,,
这会儿,,,
这儿,,,
这就是说,,,
这时,,,
这样,,,
这次,,,
这般,,,
这边,,,
这里,,,
进而,,,
连,,,
连同,,,
逐步,,,
通过,,,
遵循,,,
遵照,,,
那,,,
那个,,,
那么,,,
那么些,,,
那么样,,,
那些,,,
那会儿,,,
那儿,,,
那时,,,
那样,,,
那般,,,
那边,,,
那里,,,
都,,,
鄙人,,,
鉴于,,,
针对,,,
阿,,,
除,,,
除了,,,
除外,,,
除开,,,
除此之外,,,
除非,,,
随,,,
随后,,,
随时,,,
随着,,,
难道说,,,
非但,,,
非徒,,,
非特,,,
非独,,,
靠,,,
顺,,,
顺着,,,
首先,,,
！,,,
，,,,
：,,,
；,,,
？,,,
年,,,
亿,,,
公司,,,
司,,,
公,,,
月,,,。
相关,,,
瑞,,,
超,,,
率,,,
安,,,
盾,,,
截然,,,
那么样,,,
姑且,,,
弹指之间,,,
另一方面,,,
除却,,,
［①⑥］,,,
尔,,,
用来,,,
是的,,,
结果,,,
如此,,,
②,,,
与此同时,,,
［］,,,
』,,,
全部,,,
那个,,,
自家,,,
故此,,,
再有,,,
固,,,
相同,,,
伙同,,,
大致,,,
不知不觉,,,
出现,,,
罢了,,,
分别,,,
怎奈,,,
没奈何,,,
为,,,
就此,,,
绝对,,,
［①ｆ］,,,
从来,,,
哈哈,,,
腾,,,
要不,,,
很多,,,
个人,,,
甚或,,,
诸如,,,
一天,,,
啥,,,
每,,,
而又,,,
顷刻之间,,,
转变,,,
再者,,,
μ,,,
［③⑩］,,,
鄙人,,,
必须,,,
相对而言,,,
′｜,,,
Ｒ．Ｌ．,,,
［②ｄ］,,,
一边,,,
不巧,,,
说明,,,
∪φ∈,,,
顷刻间,,,
其次,,,
啦,,,
及其,,,
切不可,,,
［⑤ｆ］,,,
故意,,,
从,,,
［⑤ａ］,,,
哼唷,,,
刚巧,,,
那会儿,,,
［②⑩］,,,
今,,,
满足,,,
实际,,,
看起来,,,
各级,,,
嗯,,,
除非,,,
③］,,,
儿,,,
0:02,,,
当然,,,
怕,,,
默然,,,
欢迎,,,
［②ｉ］,,,
初,,,
％,,,
到目前为止,,,
云云,,,
只,,,
吧哒,,,
立地,,,
似乎,,,
./,,,
这么点儿,,,
大家,,,
先后,,,
归,,,
从新,,,
给,,,
＜,,,
还有,,,
［③ｃ］,,,
大体上,,,
打,,,
不能不,,,
准备,,,
差一点,,,
、,,,
别是,,,
考虑,,,
譬喻,,,
正在,,,
才能,,,
全都,,,
刚才,,,
临,,,
每时每刻,,,
表示,,,
他人,,,
具体说来,,,
按时,,,
［①ｃ］,,,
以致,,,
嘎登,,,
明确,,,
从轻,,,
巴巴,,,
哪边,,,
各式,,,
比照,,,
究竟,,,
再者说,,,
这一来,,,
一转眼,,,
练习,,,
断然,,,
长线,,,
［①①］,,,
何乐而不为,,,
ｅ］,,,
反倒,,,
最近,,,
望,,,
任凭,,,
如下,,,
［＊］,,,
其余,,,
人民,,,
sub,,,
组成,,,
8,,,
先後,,,
让,,,
倒是,,,
去,,,
［⑥］,,,
!,,,
等到,,,
纵使,,,
莫若,,,
尽量,,,
︿,,,
或者,,,
若,,,
这儿,,,
仍然,,,
（,,,
许多,,,
｝,,,
简而言之,,,
连日,,,
＞λ,,,
exp,,,
适应,,,
广大,,,
［①⑤］,,,
旁人,,,
加上,,,
不尽然,,,
重大,,,
何须,,,
别,,,
屡,,,
按理,,,
以,,,
左右,,,
犹自,,,
借,,,
怎么样,,,
与,,,
汝,,,
绝非,,,
屡次,,,
尽可能,,,
Δ,,,
三番五次,,,
@,,,
〔,,,
这个,,,
如若,,,
竟然,,,
知道,,,
必将,,,
多次,,,
岂非,,,
长此下去,,,
几时,,,
,,,
果真,,,
动不动,,,
不常,,,
”,,,
再次,,,
有力,,,
∈［,,,
千,,,
引起,,,
咧,,,
後来,,,
皆可,,,
曾,,,
一切,,,
［③ｂ］,,,
不如,,,
应该,,,
大体,,,
&,,,
根据,,,
不仅,,,
［②⑧］,,,
乃至,,,
不得,,,
当真,,,
连连,,,
近年来,,,
［②ｃ］,,,
加入,,,
却不,,,
呼啦,,,
恰似,,,
唯有,,,
默默地,,,
我的,,,
起,,,
倘然,,,
要不然,,,
屡次三番,,,
2,,,
接着,,,
极,,,
这种,,,
后面,,,
哼,,,
以期,,,
最後,,,
<,,,
不妨,,,
巴,,,
互,,,
不外,,,
极为,,,
随,,,
总之,,,
奈,,,
按,,,
当,,,
前此,,,
＜Δ,,,
采取,,,
多数,,,
从未,,,
假如,,,
总结,,,
防止,,,
──,,,
有着,,,
将近,,,
着,,,
向,,,
不择手段,,,
显然,,,
您是,,,
是否,,,
孰料,,,
前面,,,
部分,,,
#NAME?,,,
请勿,,,
总的来说,,,
#NAME?,,,
复杂,,,
来自,,,
有效,,,
＜±,,,
处处,,,
近来,,,
大多,,,
局外,,,
历,,,
鉴于,,,
#NAME?,,,
眨眼,,,
老老实实,,,
白白,,,
→,,,
比较,,,
用,,,
不光,,,
把,,,
既,,,
必要,,,
不可,,,
ＬＩ,,,
大凡,,,
但凡,,,
［②ｅ］,,,
纯粹,,,
呗,,,
不仅仅是,,,
略,,,
略微,,,
不断,,,
那儿,,,
设或,,,
多,,,
ｎｇ昉,,,
若夫,,,
至,,,
之所以,,,
相似,,,
具体,,,
顿时,,,
当下,,,
哦,,,
均,,,
充分,,,
怎样,,,
跟,,,
谁人,,,
#NAME?,,,
自各儿,,,
也好,,,
日见,,,
它们的,,,
进入,,,
3,,,
〈,,,
切切,,,
以及,,,
虽则,,,
过,,,
若非,,,
即若,,,
你是,,,
--,,,
不特,,,
每当,,,
何止,,,
串行,,,
如果,,,
简直,,,
焉,,,
庶几,,,
不可抗拒,,,
对,,,
千万,,,
每天,,,
于,,,
格外,,,
起头,,,
纵令,,,
各位,,,
正值,,,
不外乎,,,
带,,,
忽然,,,
特点,,,
所幸,,,
【,,,
随后,,,
常言说得好,,,
即将,,,
这里,,,
穷年累月,,,
次第,,,
〕,,,
好象,,,
这般,,,
即使,,,
下面,,,
）、,,,
￥,,,
交口,,,
嘛,,,
然而,,,
种,,,
别处,,,
取得,,,
精光,,,
非但,,,
有的是,,,
能,,,
当儿,,,
获得,,,
大张旗鼓,,,
主要,,,
抽冷子,,,
———,,,
蛮,,,
传,,,
还要,,,
联袂,,,
倒不如说,,,
行为,,,
到处,,,
之前,,,
不若,,,
｛,,,
从中,,,
说来,,,
由于,,,
自后,,,
ａ］,,,
喔唷,,,
切,,,
自身,,,
不过,,,
一些,,,
ｃ］,,,
①,,,
来讲,,,
＝－,,,
一样,,,
清楚,,,
如期,,,
加之,,,
宁可,,,
(,,,
特别是,,,
再其次,,,
重要,,,
各自,,,
拦腰,,,
以故,,,
亲身,,,
*,,,
极了,,,
［,,,
过来,,,
产生,,,
相当,,,
运用,,,
另,,,
甚么,,,
成心,,,
七,,,
＝［,,,
严重,,,
使用,,,
决定,,,
喀,,,
｜,,,
另悉,,,
向着,,,
7,,,
不消,,,
同样,,,
),,,
以后,,,
不得了,,,
当头,,,
却,,,
这边,,,
前后,,,
假若,,,
上述,,,
又,,,
某,,,
＆,,,
成为,,,
此间,,,
⑥,,,
既是,,,
截至,,,
贼死,,,
▲,,,
惯常,,,
他,,,
甚至,,,
何以,,,
向使,,,
［①ｇ］,,,
看来,,,
倘使,,,
比起,,,
抑或,,,
但,,,
［①⑨］,,,
不只,,,
］,,,
已矣,,,
所,,,
像,,,
里面,,,
刚,,,
呕,,,
是,,,
另方面,,,
该,,,
真是,,,
=,,,
归齐,,,
反倒是,,,
[,,,
略为,,,
在,,,
虽,,,
上面,,,
后,,,
嗡,,,
共同,,,
［②②］,,,
元／吨,,,
［②ａ］,,,
阿,,,
且,,,
或许,,,
不迭,,,
嘻,,,
那边,,,
属于,,,
为了,,,
［①ｄ］,,,
［①Ｂ］,,,
怎么,,,
保险,,,
不单,,,
意思,,,
那样,,,
拿,,,
不了,,,
不得已,,,
尽心竭力,,,
哗,,,
任何,,,
必定,,,
正巧,,,
经常,,,
9,,,
则甚,,,
，也,,,
充其极,,,
不敢,,,
了,,,
应用,,,
~~~~,,,
什么样,,,
此处,,,
宣布,,,
人,,,
九,,,
［②⑦］,,,
原来,,,
＝（,,,
［①ｉ］,,,
】,,,
如上所述,,,
打从,,,
0,,,
毋宁,,,
地,,,
迅速,,,
连声,,,
2,,,
那么,,,
恍然,,,
她们,,,
否则,,,
吗,,,
然则,,,
见,,,
具体地说,,,
概,,,
以下,,,
呵呵,,,
管,,,
顶多,,,
小,,,
挨着,,,
凑巧,,,
傥然,,,
满,,,
有时,,,
一起,,,
背靠背,,,
哪,,,
她,,,
嗬,,,
为止,,,
沙沙,,,
然,,,
累年,,,
.,,,
介于,,,
此外,,,
另外,,,
这就是说,,,
［②③］,,,
本着,,,
—,,,
不再,,,
其他,,,
及至,,,
没,,,
Lex,,,
宁,,,
强烈,,,
立马,,,
充其量,,,
着呢,,,
若是,,,
sup,,,
就是,,,
岂止,,,
竟,,,
假使,,,
之后,,,
何苦,,,
怎麽,,,
根本,,,
喽,,,
…………………………………………………③,,,
光,,,
别人,,,
你们,,,
不免,,,
二来,,,
_,,,
有关,,,
也,,,
论,,,
4,,,
普通,,,
独,,,
与其,,,
莫不,,,
%,,,
合理,,,
省得,,,
0,,,
做到,,,
此后,,,
上下,,,
以上,,,
［④ｃ］,,,
5,,,
5,,,
公然,,,
绝顶,,,
如同,,,
你,,,
举凡,,,
越是,,,
啊哟,,,
借此,,,
别管,,,
其后,,,
他的,,,
［①ｏ］,,,
除此以外,,,
居然,,,
如次,,,
〉,,,
不能,,,
难说,,,
至若,,,
［⑤ｅ］,,,
’‘,,,
促进,,,
多么,,,
［②ｊ］,,,
偶而,,,
经,,,
和,,,
不变,,,
成年,,,
顷,,,
一面,,,
对应,,,
据我所知,,,
乒,,,
靠,,,
之类,,,
从不,,,
..,,,
要,,,
但是,,,
不怎么,,,
不但...而且,,,
经过,,,
正常,,,
以便,,,
过于,,,
乘胜,,,
遭到,,,
呆呆地,,,
联系,,,
除,,,
加以,,,
逐步,,,
就是说,,,
立时,,,
下去,,,
及,,,
略加,,,
别的,,,
因了,,,
本,,,
一次,,,
动辄,,,
据,,,
～,,,
凭,,,
的话,,,
恰好,,,
［③ｈ］,,,
附近,,,
再,,,
②ｃ,,,
是以,,,
对方,,,
［①Ｃ］,,,
宁愿,,,
适当,,,
除去,,,
帮助,,,
明显,,,
该当,,,
梆,,,
",",,,
暗地里,,,
不问,,,
甚至于,,,
较,,,
你的,,,
嘿嘿,,,
归根到底,,,
哎呀,,,
后来,,,
！,,,
莫,,,
人人,,,
嘎,,,
℃,,,
同,,,
先不先,,,
哇,,,
更加,,,
存在,,,
毫不,,,
周围,,,
少数,,,
不由得,,,
反之,,,
尔尔,,,
半,,,
》,,,
比方,,,
．,,,
至于,,,
接下来,,,
大大,,,
.一,,,
［①Ｅ］,,,
屡屡,,,
大面儿上,,,
#,,,
凭借,,,
相信,,,
［③ｅ］,,,
那麽,,,
总而言之,,,
哪天,,,
^,,,
而言,,,
而后,,,
还是,,,
转动,,,
不至于,,,
既然,,,
个,,,
离,,,
到了儿,,,
漫说,,,
下,,,
为此,,,
我是,,,
不但,,,
平素,,,
使得,,,
高兴,,,
古来,,,
亦,,,
＝｛,,,
理应,,,
冲,,,
当前,,,
窃,,,
长期以来,,,
不久,,,
四,,,
出,,,
敢,,,
而况,,,
何必,,,
综上所述,,,
纵然,,,
就,,,
接连不断,,,
乃,,,
赖以,,,
进去,,,
巨大,,,
//,,,
打开天窗说亮话,,,
如,,,
日渐,,,
举行,,,
继之,,,
从古至今,,,
唉,,,
极其,,,
不时,,,
起首,,,
吧,,,
竟而,,,
任,,,
较比,,,
表明,,,
们,,,
得,,,
［③ｄ］,,,
率尔,,,
看看,,,
},,,
即,,,
哪里,,,
这些,,,
呵,,,
大都,,,
一番,,,
呸,,,
必然,,,
乘机,,,
三番两次,,,
并且,,,
从严,,,
偏偏,,,
不日,,,
在于,,,
并没,,,
所有,,,
积极,,,
即如,,,
［②①］,,,
这样,,,
只当,,,
得了,,,
吱,,,
立刻,,,
非特,,,
话说,,,
是不是,,,
今后,,,
二话没说,,,
内,,,
固然,,,
活,,,
不惟,,,
便于,,,
即便,,,
不是,,,
尽管如此,,,
一则,,,
呼哧,,,
八成,,,
，,,,
虽说,,,
［②⑤］,,,
A,,,
完全,,,
遵循,,,
除此而外,,,
基本,,,
啊呀,,,
那般,,,
倘或,,,
当场,,,
末##末,,,
每个,,,
粗,,,
不管怎样,,,
『,,,
被,,,
良好,,,
不少,,,
简言之,,,
还,,,
×××,,,
遵照,,,
＃,,,
不必,,,
某某,,,
中间,,,
因此,,,
彼时,,,
彼,,,
尽早,,,
继后,,,
难得,,,
难怪,,,
倒不如,,,
前进,,,
策略地,,,
从事,,,
替代,,,
理当,,,
移动,,,
；,,,
7,,,
［①ｈ］,,,
的,,,
理该,,,
~,,,
些,,,
实现,,,
一则通过,,,
宁肯,,,
出去,,,
当时,,,
而外,,,
这点,,,
［①⑧］,,,
大约,,,
1,,,
不可开交,,,
],,,
敢于,,,
并不是,,,
奇,,,
φ,,,
最高,,,
成年累月,,,
对比,,,
通常,,,
仍,,,
已经,,,
看见,,,
比及,,,
［⑨］,,,
尽,,,
一,,,
除开,,,
到,,,
要么,,,
尚且,,,
认真,,,
随著,,,
起初,,,
日臻,,,
确定,,,
一旦,,,
逢,,,
三天两头,,,
达到,,,
权时,,,
一何,,,
不够,,,
趁机,,,
正是,,,
凝神,,,
［①ａ］,,,
不料,,,
但愿,,,
几番,,,
［②ｂ］,,,
首先,,,
恰如,,,
://,,,
极端,,,
战斗,,,
沿,,,
对待,,,
::,,,
每年,,,
为主,,,
传闻,,,
另行,,,
于是,,,
看到,,,
传说,,,
［①Ｄ］,,,
呜呼,,,
安全,,,
或曰,,,
［④ａ］,,,
Ａ,,,
逐渐,,,
单纯,,,
·,,,
因,,,
有点,,,
她的,,,
亲手,,,
此,,,
’,,,
当口儿,,,
具体来说,,,
临到,,,
“,,,
即是说,,,
可见,,,
将要,,,
人们,,,
何时,,,
他们,,,
结合,,,
就地,,,
比如说,,,
连同,,,
所谓,,,
:,,,
这麽,,,
×,,,
高低,,,
构成,,,
几度,,,
除了,,,
不止,,,
并肩,,,
敢情,,,
俺们,,,
全身心,,,
最好,,,
如上,,,
...................,,,
［①］,,,
相对,,,
陈年,,,
共总,,,
依照,,,
不经意,,,
所以,,,
叫,,,
）,,,
不仅仅,,,
此次,,,
一直,,,
万一,,,
一致,,,
社会主义,,,
基本上,,,
亲眼,,,
殆,,,
大量,,,
掌握,,,
只限,,,
■,,,
〕〔,,,
个别,,,
年复一年,,,
行动,,,
顺着,,,
中小,,,
很,,,
范围,,,
我们,,,
矣乎,,,
不大,,,
同时,,,
而是,,,
～＋,,,
决不,,,
隔夜,,,
尽管,,,
即或,,,
不曾,,,
3,,,
大不了,,,
如其,,,
［④］,,,
－,,,
大事,,,
毕竟,,,
当着,,,
ｆ］,,,
［③］,,,
较为,,,
［②⑥］,,,
重新,,,
|,,,
［③①］,,,
≈,,,
决非,,,
啊哈,,,
第,,,
诚如,,,
乘虚,,,
藉以,,,
～±,,,
再说,,,
分期分批,,,
突出,,,
不然,,,
维持,,,
不下,,,
哟,,,
每逢,,,
赶快,,,
起先,,,
显著,,,
咚,,,
距,,,
二话不说,,,
呀,,,
几,,,
故,,,
朝着,,,
设使,,,
后者,,,
现在,,,
极力,,,
或多或少,,,
敞开儿,,,
依靠,,,
暗自,,,
ｂ］,,,
［①②］,,,
具有,,,
可以,,,
一个,,,
6,,,
或是,,,
一方面,,,
如常,,,
［⑤ｂ］,,,
从此,,,
愤然,,,
乃至于,,,
单,,,
凡是,,,
咱,,,
无论,,,
又及,,,
齐,,,
大略,,,
赶早不赶晚,,,
甚且,,,
前者,,,
上来,,,
得出,,,
出于,,,
不,,,
就要,,,
容易,,,
坚持,,,
＋＋,,,
＞,,,
全力,,,
何处,,,
＜＜,,,
等,,,
恰巧,,,
愿意,,,
应当,,,
没有,,,
这时,,,
为何,,,
继而,,,
嘘,,,
近,,,
几经,,,
变成,,,
恰逢,,,
随时,,,
纵,,,
毫无例外,,,
ＺＸＦＩＴＬ,,,
全年,,,
乘势,,,
无法,,,
更为,,,
形成,,,
谁,,,
;,,,
一片,,,
刚好,,,
换言之,,,
相反,,,
1,,,
何尝,,,
不管,,,
莫不然,,,
此时,,,
其二,,,
的确,,,
真正,,,
矣,,,
饱,,,
各人,,,
↑,,,
余外,,,
哗啦,,,
［①ｅ］,,,
哪个,,,
并不,,,
自从,,,
当即,,,
从优,,,
看出,,,
矣哉,,,
甫,,,
不尽,,,
不力,,,
多多少少,,,
不论,,,
某些,,,
突然,,,
不止一次,,,
彻夜,,,
来得及,,,
［②ｈ］,,,
不仅...而且,,,
嘎嘎,,,
而已,,,
专门,,,
莫非,,,
尽心尽力,,,
叮当,,,
［②］,,,
便,,,
可好,,,
您们,,,
吓,,,
大举,,,
待到,,,
长话短说,,,
从早到晚,,,
从无到有,,,
有及,,,
［②Ｂ］,,,
啷当,,,
这会儿,,,
限制,,,
以外,,,
日复一日,,,
认为,,,
+,,,
已,,,
如何,,,
有利,,,
因为,,,
一般,,,
［⑩］,,,
大力,,,
不足,,,
丰富,,,
各,,,
莫如,,,
马上,,,
往往,,,
咱们,,,
喂,,,
换句话说,,,
然後,,,
岂但,,,
反过来,,,
到头,,,
开展,,,
分期,,,
陡然,,,
弗,,,
诸位,,,
扑通,,,
那么些,,,
只消,,,
开外,,,
何妨,,,
不一,,,
譬如,,,
只怕,,,
云尔,,,
召开,,,
"""",,,
孰知,,,
一时,,,
来不及,,,
常言说,,,
白,,,
并没有,,,
从重,,,
将才,,,
不亦乐乎,,,
特殊,,,
非独,,,
如今,,,
倘,,,
只要,,,
转贴,,,
猛然,,,
方能,,,
欤,,,
＋,,,
豁然,,,
В,,,
而论,,,
［②Ｇ］,,,
别说,,,
Ⅲ,,,
呜,,,
似的,,,
好在,,,
独自,,,
8,,,
使,,,
据此,,,
也是,,,
亲自,,,
以前,,,
哎,,,
通过,,,
以至,,,
绝不,,,
广泛,,,
尽快,,,
己,,,
全面,,,
自打,,,
恰恰,,,
除此,,,
｝＞,,,
］［,,,
本人,,,
并无,,,
随着,,,
多少,,,
倍感,,,
一.,,,
进来,,,
因着,,,
④,,,
俺,,,
同一,,,
－［＊］－,,,
>,,,
［④ｂ］,,,
有著,,,
到底,,,
呢,,,
好,,,
都,,,
倍加,,,
哎哟,,,
⑦,,,
方便,,,
必,,,
呃,,,
［①③］,,,
⑧,,,
千万千万,,,
进而,,,
乎,,,
趁,,,
,,,
［④ｅ］,,,
避免,,,
互相,,,
不拘,,,
γ,,,
近几年来,,,
＠,,,
一下,,,
怎么办,,,
之一,,,
六,,,
③,,,
当中,,,
什麽,,,
就算,,,
待,,,
5:00,,,
毫无,,,
任务,,,
且不说,,,
趁热,,,
一一,,,
并,,,
仅,,,
此地,,,
非徒,,,
>>,,,
就是了,,,
替,,,
直到,,,
谁料,,,
相应,,,
仅仅,,,
到头来,,,
之後,,,
12%,,,
彻底,,,
冒,,,
碰巧,,,
什么,,,
保持,,,
得起,,,
它们,,,
针对,,,
数/,,,
为着,,,
既...又,,,
这,,,
可是,,,
不同,,,
您,,,
［①Ａ］,,,
＜λ,,,
其它,,,
一定,,,
反手,,,
完成,,,
最,,,
企图,,,
切莫,,,
...,,,
」,,,
［③ａ］,,,
快,,,
进步,,,
尔等,,,
今天,,,
十分,,,
/,,,
需要,,,
它的,,,
他是,,,
保管,,,
看上去,,,
要不是,,,
［－,,,
来看,,,
方,,,
分头,,,
在下,,,
虽然,,,
论说,,,
有的,,,
诸,,,
《,,,
遇到,,,
放量,,,
不比,,,
.日,,,
不胜,,,
好的,,,
上去,,,
既往,,,
来说,,,
据称,,,
隔日,,,
［③Ｆ］,,,
深入,,,
咳,,,
类如,,,
立,,,
］∧′＝［,,,
觉得,,,
借以,,,
挨个,,,
瑟瑟,,,
注意,,,
......,,,
挨门逐户,,,
-,,,
达旦,,,
仍旧,,,
依据,,,
切勿,,,
不已,,,
某个,,,
不然的话,,,
最大,,,
因而,,,
大抵,,,
＜φ,,,
谁知,,,
非常,,,
也就是说,,,
只是,,,
勃然,,,
从此以后,,,
匆匆,,,
三,,,
二,,,
哉,,,
取道,,,
总是,,,
以来,,,
整个,,,
凡,,,
第二,,,
难道,,,
她是,,,
Ψ,,,
过去,,,
此中,,,
——,,,
乘隙,,,
嗳,,,
按说,,,
下来,,,
老是,,,
它,,,
每每,,,
呐,,,
这么样,,,
有,,,
争取,,,
轰然,,,
趁早,,,
其实,,,
双方,,,
允许,,,
亲口,,,
而,,,
［⑤］］,,,
可能,,,
兮,,,
于是乎,,,
与否,,,
背地里,,,
2.30%,,,
五,,,
按照,,,
般的,,,
看样子,,,
不得不,,,
坚决,,,
多多,,,
对于,,,
问题,,,
兼之,,,
得到,,,
常常,,,
怪不得,,,
难道说,,,
［④ｄ］,,,
咦,,,
哪样,,,
…,,,
何,,,
届时,,,
趁着,,,
连袂,,,
来,,,
从速,,,
即令,,,
如此等等,,,
不会,,,
不要,,,
咋,,,
猛然间,,,
慢说,,,
今年,,,
其,,,
庶乎,,,
嘿,,,
单单,,,
挨次,,,
得天独厚,,,
严格,,,
［①⑦］,,,
甚而,,,
後面,,,
适用,,,
大概,,,
自己,,,
只有,,,
那时,,,
比如,,,
恐怕,,,
一来,,,
据悉,,,
率然,,,
不起,,,
极度,,,
㈧,,,
最后,,,
么,,,
多年来,,,
犹且,,,
能否,,,
人家,,,
?,,,
连日来,,,
并排,,,
不独,,,
川流不息,,,
所在,,,
关于,,,
巩固,,,
.数,,,
老大,,,
要求,,,
路经,,,
叮咚,,,
⑤,,,
总的来看,,,
伟大,,,
目前,,,
要是,,,
反之则,,,
这么,,,
共,,,
喏,,,
反之亦然,,,
乘,,,
那末,,,
⑨,,,
哈,,,
日益,,,
怎,,,
无宁,,,
更进一步,,,
之,,,
往,,,
9,,,
其中,,,
哪怕,,,
6,,,
＊,,,
有些,,,
′∈,,,
更,,,
昂然,,,
而且,,,
多年前,,,
顷刻,,,
$,,,
牢牢,,,
偶尔,,,
［②,,,
接著,,,
据实,,,
φ．,,,
尽然,,,
大批,,,
乌乎,,,
以後,,,
据说,,,
全体,,,
非得,,,
谨,,,
受到,,,
当地,,,
怪,,,
那些,,,
两者,,,
归根结底,,,
现代,,,
或则,,,
［⑤］,,,
｛－,,,
这么些,,,
来着,,,
`,,,
作为,,,
差不多,,,
＿,,,
直接,,,
忽地,,,
颇,,,
……,,,
下列,,,
砰,,,
方才,,,
由此可见,,,
并非,,,
不定,,,
以为,,,
多亏,,,
叫做,,,
尤其,,,
常,,,
也罢,,,
紧接着,,,
较之,,,
＄,,,
继续,,,
倘若,,,
今後,,,
哪年,,,
且说,,,
上升,,,
急匆匆,,,
＝,,,
例如,,,
［②ｆ］,,,
看,,,
若果,,,
当庭,,,
趁便,,,
会,,,
才,,,
啪达,,,
等等,,,
诚然,,,
全然,,,
正如,,,
即刻,,,
另一个,,,
者,,,
除此之外,,,
自,,,
扩大,,,
）÷（１－,,,
由,,,
反过来说,,,
按期,,,
照,,,
然后,,,
间或,,,
纯,,,
［⑤ｄ］,,,
再则,,,
嗡嗡,,,
时候,,,
强调,,,
以免,,,
：,,,
处在,,,
［⑧］,,,
几乎,,,
从古到今,,,
失去,,,
自个儿,,,
甭,,,
尽如人意,,,
［③ｇ］,,,
顺,,,
彼此,,,
它是,,,
或,,,
起见,,,
总的说来,,,
由此,,,
规定,,,
［①④］,,,
各个,,,
这次,,,
起来,,,
反而,,,
不成,,,
哩,,,
岂,,,
照着,,,
出来,,,
－－,,,
始而,,,
挨门挨户,,,
进行,,,
八,,,
连,,,
老,,,
恰恰相反,,,
了解,,,
不对,,,
4,,,
故而,,,
至今,,,
开始,,,
造成,,,
普遍,,,
常言道,,,
无,,,
从今以后,,,
设若,,,
如前所述,,,
立即,,,
加强,,,
》），,,,
定,,,
反映,,,
边,,,
曾经,,,
本地,,,
极大,,,
［⑦］,,,
迫于,,,
惟其,,,
很少,,,
致,,,
各地,,,
啐,,,
风雨无阻,,,
？,,,
将,,,
趁势,,,
臭,,,
可,,,
相等,,,
奋勇,,,
何况,,,
主张,,,
不满,,,
依,,,
果然,,,
缕缕,,,
迟早,,,
哪儿,,,
比,,,
其一,,,
本身,,,
说说,,,
朝,,,
及时,,,
哪些,,,
上,,,
不怕,,,
为什么,,,
暗中,,,
大多数,,,
心里,,,
。,,,
够瞧的,,,
毫无保留地,,,
‘,,,
与其说,,,
从小,,,
有所,,,
集中,,,
认识,,,
多多益善,,,
沿着,,,
处理,,,
基于,,,
除外,,,
由是,,,
况且,,,
尔后,,,
赶,,,
从头,,,
如是,,,
快要,,,
为什麽,,,
先生,,,
我,,,
那,,,
反应,,,
能够,,,
从而,,,
各种,,,
代替,,,
／,,,
光是,,,
不限,,,
存心,,,
⑩,,,
绝,,,
［②④,,,
从宽,,,
方面,,,
大,,,
则,,,
挨家挨户,,,
零,,,
”，,,,
以至于,,,
累次,,,
那里,,,
密切,,,
啊,,,
1,,,
迄,,,
［②ｇ］,,,
股份,,,
证券,,,
方式,,,
总数,,,
